Sheet,Name,Unit
schedules,name,
schedules,category,
schedules,units,
schedules,day_types,
schedules,start_date,
schedules,end_date,
schedules,type,
schedules,hr_1,
schedules,hr_2,
schedules,hr_3,
schedules,hr_4,
schedules,hr_5,
schedules,hr_6,
schedules,hr_7,
schedules,hr_8,
schedules,hr_9,
schedules,hr_10,
schedules,hr_11,
schedules,hr_12,
schedules,hr_13,
schedules,hr_14,
schedules,hr_15,
schedules,hr_16,
schedules,hr_17,
schedules,hr_18,
schedules,hr_19,
schedules,hr_20,
schedules,hr_21,
schedules,hr_22,
schedules,hr_23,
schedules,hr_24,
schedules,notes,
